scenario,result,mptcp_scheduler,scope,priority,expected_flows,active_flows,delay_active_flows,rx_packets,delay_rx_packets,throughput_mbps,delay_ms_mean,delay_ms_p50,delay_ms_p95,delay_ms_p99,delay_ms_p999,delay_ms_max,peak_delay_ms_mean,peak_delay_ms_p50,peak_delay_ms_p95,peak_delay_ms_p99,peak_delay_ms_p999,peak_delay_ms_max,jitter_ms_mean,jitter_ms_p50,jitter_ms_p95,jitter_ms_p99,jitter_ms_p999,jitter_ms_max,nr_share_pct,wifi_share_pct
p3-sub-peak-0,default,default,overall,overall,30,30,30,180,180,5.346,0.663226,0.627774,0.696328,0.738953,3.026527,3.491041,0.0,0.0,0.0,0.0,0.0,0.0,0.023843,0.003,0.007238,0.141776,2.423574,2.800703,0.185559,99.814441
p3-sub-peak-0,default,default,priority,1,6,6,6,36,36,0.216,0.584025,0.583856,0.588012,0.588277,0.588325,0.58833,0.0,0.0,0.0,0.0,0.0,0.0,0.003613,0.003483,0.006935,0.008326,0.008658,0.008695,0.0,100.0
p3-sub-peak-0,default,default,priority,2,11,11,11,66,66,1.386,0.628791,0.625131,0.628687,0.722432,0.878636,0.895992,0.0,0.0,0.0,0.0,0.0,0.0,0.008633,0.003365,0.008225,0.128659,0.25554,0.269638,0.0,100.0
p3-sub-peak-0,default,default,priority,3,13,13,13,78,78,3.744,0.728918,0.693344,0.696422,1.33979,3.275916,3.491041,0.0,0.0,0.0,0.0,0.0,0.0,0.046049,0.003,0.006754,1.012741,2.621907,2.800703,0.264957,99.735043
p3-sub-peak-0,blest,blest,overall,overall,30,30,30,180,180,5.346,0.695949,0.627875,0.69637,2.417456,3.323468,3.491041,0.0,0.0,0.0,0.0,0.0,0.0,0.052071,0.003,0.008506,1.628716,2.660376,2.800703,0.185559,99.814441
p3-sub-peak-0,blest,blest,priority,1,6,6,6,36,36,0.216,0.58386,0.583856,0.587864,0.588277,0.588325,0.58833,0.0,0.0,0.0,0.0,0.0,0.0,0.003823,0.003499,0.006935,0.008326,0.008658,0.008695,0.0,100.0
p3-sub-peak-0,blest,blest,priority,2,11,11,11,66,66,1.386,0.643391,0.625131,0.628811,1.209238,1.342618,1.357438,0.0,0.0,0.0,0.0,0.0,0.0,0.021164,0.003486,0.008473,0.459158,0.703381,0.730517,0.0,100.0
p3-sub-peak-0,blest,blest,priority,3,13,13,13,78,78,3.744,0.792154,0.693343,0.905041,2.770198,3.418957,3.491041,0.0,0.0,0.0,0.0,0.0,0.0,0.10049,0.003,0.239935,2.197958,2.740429,2.800703,0.264957,99.735043
p3-sub-peak-0,ecf,ecf,overall,overall,30,30,30,180,180,5.346,0.663226,0.627774,0.696328,0.738953,3.026527,3.491041,0.0,0.0,0.0,0.0,0.0,0.0,0.023843,0.003,0.007238,0.141776,2.423574,2.800703,0.185559,99.814441
p3-sub-peak-0,ecf,ecf,priority,1,6,6,6,36,36,0.216,0.584025,0.583856,0.588012,0.588277,0.588325,0.58833,0.0,0.0,0.0,0.0,0.0,0.0,0.003613,0.003483,0.006935,0.008326,0.008658,0.008695,0.0,100.0
p3-sub-peak-0,ecf,ecf,priority,2,11,11,11,66,66,1.386,0.628791,0.625131,0.628687,0.722432,0.878636,0.895992,0.0,0.0,0.0,0.0,0.0,0.0,0.008633,0.003365,0.008225,0.128659,0.25554,0.269638,0.0,100.0
p3-sub-peak-0,ecf,ecf,priority,3,13,13,13,78,78,3.744,0.728918,0.693344,0.696422,1.33979,3.275916,3.491041,0.0,0.0,0.0,0.0,0.0,0.0,0.046049,0.003,0.006754,1.012741,2.621907,2.800703,0.264957,99.735043
p3-sub-peak-0,roundrobin,roundrobin,overall,overall,30,30,30,180,180,5.346,3.541798,3.471652,4.975936,5.987883,5.994078,5.99474,0.0,0.0,0.0,0.0,0.0,0.0,0.110589,0.000232,1.387226,1.889662,2.264944,2.268156,34.526599,65.473401
p3-sub-peak-0,roundrobin,roundrobin,priority,1,6,6,6,36,36,0.216,3.366846,3.369854,3.468185,3.468185,3.468185,3.468185,0.0,0.0,0.0,0.0,0.0,0.0,0.000186,0.000232,0.000232,0.000232,0.000232,0.000232,33.466667,66.533333
p3-sub-peak-0,roundrobin,roundrobin,priority,2,11,11,11,66,66,1.386,3.440808,3.471652,3.489509,3.489509,3.489509,3.489509,0.0,0.0,0.0,0.0,0.0,0.0,0.0,0.0,0.0,0.0,0.0,0.0,36.266667,63.733333
p3-sub-peak-0,roundrobin,roundrobin,priority,3,13,13,13,78,78,3.744,3.707998,3.49474,5.109919,5.991892,5.994455,5.99474,0.0,0.0,0.0,0.0,0.0,0.0,0.255121,0.001233,1.511625,2.25436,2.266776,2.268156,33.94359,66.05641
p3-sub-peak-0,wifi-only,default,overall,overall,30,30,30,180,180,5.346,1.773904,1.787164,2.369052,2.492213,2.903333,2.921184,0.0,0.0,0.0,0.0,0.0,0.0,0.052679,0.005872,0.161324,0.614245,0.687041,0.691616,0.0,100.0
p3-sub-peak-0,wifi-only,default,priority,1,6,6,6,36,36,0.216,0.58425,0.583806,0.587781,0.587851,0.587862,0.587863,0.0,0.0,0.0,0.0,0.0,0.0,0.002648,0.002959,0.005501,0.006481,0.006841,0.006881,0.0,100.0
p3-sub-peak-0,wifi-only,default,priority,2,11,11,11,66,66,1.386,1.790523,1.78441,1.788632,1.938307,2.160302,2.184968,0.0,0.0,0.0,0.0,0.0,0.0,0.01855,0.003,0.020862,0.401854,0.403312,0.403474,0.0,100.0
p3-sub-peak-0,wifi-only,default,priority,3,13,13,13,78,78,3.744,2.308914,2.29243,2.390647,2.844396,2.913505,2.921184,0.0,0.0,0.0,0.0,0.0,0.0,0.104648,0.067182,0.397806,0.671967,0.689651,0.691616,0.0,100.0
p3-sub-peak-0,nr-only,default,overall,overall,30,30,30,180,180,5.346,8.094401,8.485384,9.99055,10.972693,11.177943,11.222693,0.0,0.0,0.0,0.0,0.0,0.0,0.016429,0.0,0.0,0.628393,1.232143,1.232143,100.0,0.0
p3-sub-peak-0,nr-only,default,priority,1,6,6,6,36,36,0.216,3.369396,3.372372,3.470587,3.470587,3.470587,3.470587,0.0,0.0,0.0,0.0,0.0,0.0,0.0,0.0,0.0,0.0,0.0,0.0,100.0,0.0
p3-sub-peak-0,nr-only,default,priority,2,11,11,11,66,66,1.386,8.437266,8.467527,8.485384,8.485384,8.485384,8.485384,0.0,0.0,0.0,0.0,0.0,0.0,0.0,0.0,0.0,0.0,0.0,0.0,100.0,0.0
p3-sub-peak-0,nr-only,default,priority,3,13,13,13,78,78,3.744,9.985056,9.972693,10.972693,11.030193,11.203443,11.222693,0.0,0.0,0.0,0.0,0.0,0.0,0.037912,0.0,0.0,1.232143,1.232143,1.232143,100.0,0.0
p3-sub-peak-2,default,default,overall,overall,30,30,28,180,168,304.77,1.224374,0.627774,5.74227,6.221532,6.223184,6.223184,89.649781,88.017847,95.519977,96.706929,96.973993,97.003667,0.07808,0.003,0.49008,1.265644,1.635507,1.694209,20.568023,79.431977
p3-sub-peak-2,default,default,priority,1,6,6,6,36,36,0.216,1.065123,0.584112,3.470651,3.470651,3.470651,3.470651,0.0,0.0,0.0,0.0,0.0,0.0,0.003022,0.003,0.006186,0.007109,0.007392,0.007423,16.666667,83.333333
p3-sub-peak-2,default,default,priority,2,11,11,11,66,66,1.386,0.624745,0.625131,0.628584,0.628891,0.628968,0.628977,0.0,0.0,0.0,0.0,0.0,0.0,0.003765,0.003,0.007637,0.008494,0.008558,0.008565,0.0,100.0
p3-sub-peak-2,default,default,priority,3,13,13,11,78,66,303.168,1.910867,0.694855,5.76571,6.223184,6.223184,6.223184,89.649781,88.017847,95.519977,96.706929,96.973993,97.003667,0.193337,0.003,1.245713,1.466159,1.671404,1.694209,20.664741,79.335259
p3-sub-peak-2,blest,blest,overall,overall,30,30,28,180,168,304.77,1.232798,0.627774,4.739808,7.580432,14.924479,15.965247,96.724012,96.267404,107.968947,111.191315,111.916348,111.996907,0.343964,0.003,1.480481,8.274645,13.713681,14.278368,15.511301,84.488699
p3-sub-peak-2,blest,blest,priority,1,6,6,6,36,36,0.216,1.065361,0.584884,3.470651,3.470651,3.470651,3.470651,0.0,0.0,0.0,0.0,0.0,0.0,0.002898,0.003,0.006186,0.007109,0.007392,0.007423,16.666667,83.333333
p3-sub-peak-2,blest,blest,priority,2,11,11,11,66,66,1.386,0.624734,0.624937,0.628464,0.628891,0.628968,0.628977,0.0,0.0,0.0,0.0,0.0,0.0,0.003758,0.003,0.007637,0.008494,0.008558,0.008565,0.0,100.0
p3-sub-peak-2,blest,blest,priority,3,13,13,11,78,66,303.168,1.932191,0.695088,6.15876,11.914354,15.560158,15.965247,96.724012,96.267404,107.968947,111.191315,111.916348,111.996907,0.870206,0.003,5.227564,12.084621,14.058993,14.278368,15.581566,84.418434
p3-sub-peak-2,ecf,ecf,overall,overall,30,30,28,180,168,304.77,1.110412,0.627875,3.470651,7.622336,15.997149,17.215247,93.397496,91.179815,104.715688,106.368248,106.740074,106.781388,0.386181,0.003,1.279696,10.597867,15.11738,15.705885,20.999429,79.000571
p3-sub-peak-2,ecf,ecf,priority,1,6,6,6,36,36,0.216,1.065267,0.584437,3.470651,3.470651,3.470651,3.470651,0.0,0.0,0.0,0.0,0.0,0.0,0.003048,0.003,0.006365,0.007123,0.007393,0.007423,16.666667,83.333333
p3-sub-peak-2,ecf,ecf,priority,2,11,11,11,66,66,1.386,0.627916,0.625131,0.628687,0.701432,0.822536,0.835992,0.0,0.0,0.0,0.0,0.0,0.0,0.011374,0.003486,0.008473,0.210712,0.212445,0.212638,0.0,100.0
p3-sub-peak-2,ecf,ecf,priority,3,13,13,11,78,66,303.168,1.617533,0.694745,5.928158,12.474148,16.741137,17.215247,93.397496,91.179815,104.715688,106.368248,106.740074,106.781388,0.96997,0.003,5.702055,13.419608,15.477257,15.705885,21.098711,78.901289
p3-sub-peak-2,roundrobin,roundrobin,overall,overall,30,30,28,180,168,304.77,4.20656,3.471652,7.613936,17.223846,17.23581,17.23581,187.670804,174.280647,221.78419,221.788377,221.789319,221.789424,0.791338,0.000232,6.087557,12.265092,13.309788,13.478444,45.138829,54.861171
p3-sub-peak-2,roundrobin,roundrobin,priority,1,6,6,6,36,36,0.216,3.366924,3.369854,3.468509,3.469337,3.46941,3.469418,0.0,0.0,0.0,0.0,0.0,0.0,0.000271,0.000232,0.000956,0.001095,0.00113,0.001134,33.466667,66.533333
p3-sub-peak-2,roundrobin,roundrobin,priority,2,11,11,11,66,66,1.386,3.440808,3.471652,3.489509,3.489509,3.489509,3.489509,0.0,0.0,0.0,0.0,0.0,0.0,0.0,0.0,0.0,0.0,0.0,0.0,36.266667,63.733333
p3-sub-peak-2,roundrobin,roundrobin,priority,3,13,13,11,78,66,303.168,5.430296,3.495674,17.217953,17.23581,17.23581,17.23581,187.670804,174.280647,221.78419,221.788377,221.789319,221.789424,2.014167,0.001233,12.238366,12.823234,13.412923,13.478444,45.187706,54.812294
p3-sub-peak-2,wifi-only,default,overall,overall,30,30,28,179,167,304.764,2.19361,1.787105,5.673738,10.214883,11.848995,12.094799,109.623651,107.94975,119.336673,124.343827,125.470436,125.595615,0.274135,0.006,1.299812,5.293975,6.183364,6.314972,0.0,100.0
p3-sub-peak-2,wifi-only,default,priority,1,6,6,6,35,35,0.21,0.729776,0.584765,1.643929,2.038771,2.138234,2.149286,0.0,0.0,0.0,0.0,0.0,0.0,0.077025,0.003093,0.46941,0.856686,0.978136,0.99163,0.0,100.0
p3-sub-peak-2,wifi-only,default,priority,2,11,11,11,66,66,1.386,1.795281,1.784263,1.789833,2.142512,2.164522,2.166968,0.0,0.0,0.0,0.0,0.0,0.0,0.030629,0.003406,0.349087,0.383854,0.385312,0.385474,0.0,100.0
p3-sub-peak-2,wifi-only,default,priority,3,13,13,11,78,66,303.168,3.368216,2.314026,8.229699,11.132312,11.99855,12.094799,109.623651,107.94975,119.336673,124.343827,125.470436,125.595615,0.621573,0.087,4.269405,5.799985,6.263473,6.314972,0.0,100.0
p3-sub-peak-2,nr-only,default,overall,overall,30,30,28,180,168,304.77,8.756694,8.485384,13.064687,24.73533,24.73533,24.73533,408.993062,408.756299,414.396324,414.505239,414.529745,414.532468,0.321768,0.0,1.017857,11.849049,12.475576,12.512637,100.0,0.0
p3-sub-peak-2,nr-only,default,priority,1,6,6,6,36,36,0.216,3.369396,3.372372,3.470587,3.470587,3.470587,3.470587,0.0,0.0,0.0,0.0,0.0,0.0,0.0,0.0,0.0,0.0,0.0,0.0,100.0,0.0
p3-sub-peak-2,nr-only,default,priority,2,11,11,11,66,66,1.386,8.475411,8.467527,8.485384,9.361826,10.826735,10.989503,0.0,0.0,0.0,0.0,0.0,0.0,0.045908,0.0,0.000445,1.160911,2.385869,2.521976,100.0,0.0
p3-sub-peak-2,nr-only,default,priority,3,13,13,11,78,66,303.168,11.976503,9.972693,23.717473,24.73533,24.73533,24.73533,408.993062,408.756299,414.396324,414.505239,414.529745,414.532468,0.773137,0.0,4.930947,12.36866,12.498239,12.512637,100.0,0.0
p3-sub-peak-4,default,default,overall,overall,30,30,26,180,156,604.194,1.788666,0.628941,5.798782,18.483104,18.485391,18.48581,179.225914,171.792804,196.97793,292.464263,318.124554,320.975698,0.697756,0.00306,2.772741,14.319537,17.123024,17.50261,22.243922,77.756078
p3-sub-peak-4,default,default,priority,1,6,6,6,36,36,0.216,1.516418,0.586482,3.470651,3.470651,3.470651,3.470651,0.0,0.0,0.0,0.0,0.0,0.0,0.016306,0.002071,0.120075,0.215324,0.216028,0.216106,33.333333,66.666667
p3-sub-peak-4,default,default,priority,2,11,11,11,66,66,1.386,0.854123,0.625777,2.86201,3.468045,3.468045,3.468045,0.0,0.0,0.0,0.0,0.0,0.0,0.270205,0.003576,1.757379,2.740515,2.837082,2.847812,0.565657,99.434343
p3-sub-peak-4,default,default,priority,3,13,13,9,78,54,602.592,3.112385,0.694347,18.320604,18.484376,18.485667,18.48581,179.225914,171.792804,196.97793,292.464263,318.124554,320.975698,1.674619,0.003515,12.734489,16.207899,17.373139,17.50261,22.289154,77.710846
p3-sub-peak-4,blest,blest,overall,overall,30,30,26,180,156,604.194,1.968929,0.628207,11.60364,18.483104,18.483104,18.483104,176.138378,173.523599,206.298155,209.895973,210.670691,210.756771,0.572466,0.003,3.011781,11.484739,11.492063,11.492063,22.93195,77.06805
p3-sub-peak-4,blest,blest,priority,1,6,6,6,36,36,0.216,1.510544,0.587419,3.470651,3.470651,3.470651,3.470651,0.0,0.0,0.0,0.0,0.0,0.0,0.002315,0.001228,0.007045,0.008358,0.008526,0.008545,33.333333,66.666667
p3-sub-peak-4,blest,blest,priority,2,11,11,11,66,66,1.386,0.712483,0.625246,0.954892,2.453062,4.058862,4.237284,0.0,0.0,0.0,0.0,0.0,0.0,0.154357,0.003,0.701501,2.968119,3.203895,3.230092,0.0,100.0
p3-sub-peak-4,blest,blest,priority,3,13,13,9,78,54,602.592,3.810177,0.694557,18.483104,18.483104,18.483104,18.483104,176.138378,173.523599,206.298155,209.895973,210.670691,210.756771,1.463589,0.004287,11.176417,11.492063,11.492063,11.492063,22.980299,77.019701
p3-sub-peak-4,ecf,ecf,overall,overall,30,30,26,180,156,604.194,1.947102,0.628368,6.907211,18.345604,18.483104,18.483104,176.866223,178.264466,205.991324,215.605127,217.988813,218.253667,0.689643,0.003211,4.263107,12.220683,12.516554,12.517857,18.758477,81.241523
p3-sub-peak-4,ecf,ecf,priority,1,6,6,6,36,36,0.216,1.510424,0.585426,3.470651,3.470651,3.470651,3.470651,0.0,0.0,0.0,0.0,0.0,0.0,0.00226,0.001169,0.00614,0.007363,0.007771,0.007816,33.333333,66.666667
p3-sub-peak-4,ecf,ecf,priority,2,11,11,11,66,66,1.386,0.778989,0.625904,1.559412,3.346616,3.471973,3.485902,0.0,0.0,0.0,0.0,0.0,0.0,0.188587,0.003559,1.529907,2.742014,2.845396,2.856883,0.424242,99.575758
p3-sub-peak-4,ecf,ecf,priority,3,13,13,9,78,54,602.592,3.665913,0.695194,17.745604,18.483104,18.483104,18.483104,176.866223,178.264466,205.991324,215.605127,217.988813,218.253667,1.760302,0.00392,11.505428,12.513411,12.517412,12.517857,18.795003,81.204997
p3-sub-peak-4,roundrobin,roundrobin,overall,overall,30,30,26,180,156,604.194,6.816848,3.494441,17.23378,17.23581,17.431971,17.467953,308.753186,299.886557,360.01506,367.340351,369.107571,369.303929,2.246254,0.000934,11.015391,12.135253,13.599732,13.764158,40.75925,59.24075
p3-sub-peak-4,roundrobin,roundrobin,priority,1,6,6,6,36,36,0.216,3.403633,3.369854,3.468185,4.328987,4.746145,4.792496,0.0,0.0,0.0,0.0,0.0,0.0,0.088473,0.000232,0.728603,1.324543,1.324543,1.324543,33.466667,66.533333
p3-sub-peak-4,roundrobin,roundrobin,priority,2,11,11,11,66,66,1.386,8.456115,4.979964,17.231346,17.31706,17.452864,17.467953,0.0,0.0,0.0,0.0,0.0,0.0,3.429935,1.25,11.015391,13.075865,13.695329,13.764158,36.266667,63.733333
p3-sub-peak-4,roundrobin,roundrobin,priority,3,13,13,9,78,54,602.592,7.088776,3.495674,17.23581,17.23581,17.23581,17.23581,308.753186,299.886557,360.01506,367.340351,369.107571,369.303929,2.238052,0.001233,11.060347,11.267857,11.267857,11.267857,40.772207,59.227793
p3-sub-peak-4,wifi-only,default,overall,overall,30,30,26,180,156,604.194,2.401187,1.813337,6.618612,8.077563,9.393076,9.624962,229.698264,229.353955,261.59295,286.393781,292.688132,293.387504,0.461049,0.075764,2.487155,3.264586,3.47692,3.494849,0.0,100.0
p3-sub-peak-4,wifi-only,default,priority,1,6,6,6,36,36,0.216,0.821982,0.586232,1.70494,2.273425,2.338316,2.345526,0.0,0.0,0.0,0.0,0.0,0.0,0.174721,0.005165,0.767783,0.837428,0.856537,0.85866,0.0,100.0
p3-sub-peak-4,wifi-only,default,priority,2,11,11,11,66,66,1.386,2.436299,1.787009,6.2114,8.591838,9.52165,9.624962,0.0,0.0,0.0,0.0,0.0,0.0,0.520875,0.005694,2.859891,3.185897,3.338869,3.355866,0.0,100.0
p3-sub-peak-4,wifi-only,default,priority,3,13,13,9,78,54,602.592,3.411074,2.35333,7.177678,8.00634,8.116666,8.128924,229.698264,229.353955,261.59295,286.393781,292.688132,293.387504,0.578813,0.130006,2.272048,3.210069,3.466371,3.494849,0.0,100.0
p3-sub-peak-4,nr-only,default,overall,overall,30,30,26,167,156,354.194,15.597665,17.000568,24.73533,25.98533,25.98533,25.98533,2173.592933,1771.994926,3419.490467,3425.490467,3426.840467,3426.990467,0.49939,0.0,1.945536,2.67,2.747696,2.75,100.0,0.0
p3-sub-peak-4,nr-only,default,priority,1,6,6,6,36,36,0.216,16.973286,17.000568,17.232711,17.232711,17.232711,17.232711,0.0,0.0,0.0,0.0,0.0,0.0,0.294643,0.0,1.267857,1.267857,1.267857,1.267857,100.0,0.0
p3-sub-peak-4,nr-only,default,priority,2,11,11,11,66,66,1.386,8.326682,8.469012,8.489335,8.489335,8.489335,8.489335,0.0,0.0,0.0,0.0,0.0,0.0,0.225505,0.0,1.247676,1.247676,1.247676,1.247676,100.0,0.0
p3-sub-peak-4,nr-only,default,priority,3,13,13,9,65,54,352.592,23.567341,23.467473,25.973723,25.98533,25.98533,25.98533,2173.592933,1771.994926,3419.490467,3425.490467,3426.840467,3426.990467,0.970635,1.017857,2.514286,2.742143,2.749214,2.75,100.0,0.0
p3-sub-peak-8,default,default,overall,overall,30,30,22,180,132,1203.042,6.024542,3.470651,17.337289,18.404983,18.482591,18.482607,210.770682,189.389764,340.42331,359.959989,366.267469,366.9683,2.780888,0.254613,11.232143,15.219705,16.282734,16.403681,22.480031,77.519969
p3-sub-peak-8,default,default,priority,1,6,6,6,36,36,0.216,4.543296,0.676836,16.987367,17.00076,17.00076,17.00076,0.0,0.0,0.0,0.0,0.0,0.0,1.812499,0.006062,8.5,14.111614,16.174474,16.403681,44.444444,55.555556
p3-sub-peak-8,default,default,priority,2,11,11,11,66,66,1.386,8.002129,5.484192,18.232483,18.482526,18.482599,18.482607,0.0,0.0,0.0,0.0,0.0,0.0,3.970083,1.24324,11.232143,13.265609,14.347494,14.467704,57.856248,42.143752
p3-sub-peak-8,default,default,priority,3,13,13,5,78,30,1201.44,3.451346,0.778942,12.398066,17.233104,17.233104,17.233104,210.770682,189.389764,340.42331,359.959989,366.267469,366.9683,1.326728,0.166394,10.442111,14.680707,15.232742,15.294079,22.435681,77.564319
p3-sub-peak-8,blest,blest,overall,overall,30,30,22,179,132,1203.042,5.048301,3.103932,18.232483,18.477033,19.553771,19.715247,281.07439,216.753667,504.116695,1715.933978,2453.988395,2535.994441,3.282184,0.902265,13.226672,15.051866,17.543832,17.841751,21.98078,78.01922
p3-sub-peak-8,blest,blest,priority,1,6,6,6,36,36,0.216,4.836075,1.853226,16.987367,17.00076,17.00076,17.00076,0.0,0.0,0.0,0.0,0.0,0.0,2.656595,0.895259,12.384417,13.369217,13.690806,13.726538,33.288948,66.711052
p3-sub-peak-8,blest,blest,priority,2,11,11,11,66,66,1.386,5.651331,3.753759,18.245876,18.470919,18.481438,18.482607,0.0,0.0,0.0,0.0,0.0,0.0,3.969745,1.242007,14.478724,16.365822,17.694158,17.841751,47.250616,52.749384
p3-sub-peak-8,blest,blest,priority,3,13,13,5,77,30,1201.44,3.976309,2.096157,12.411895,18.995426,19.643265,19.715247,281.07439,216.753667,504.116695,1715.933978,2453.988395,2535.994441,2.520257,0.006723,13.127284,13.226672,13.226672,13.226672,21.949962,78.050038
p3-sub-peak-8,ecf,ecf,overall,overall,30,30,22,150,132,453.042,3.398759,3.274222,9.040172,16.898197,18.268666,18.465247,335.937503,212.250287,733.212526,2193.985253,2522.659117,2559.178435,1.796958,0.562418,8.053999,13.139445,14.567634,14.719274,22.477702,77.522298
p3-sub-peak-8,ecf,ecf,priority,1,6,6,6,36,36,0.216,3.014411,3.274222,4.723714,13.20701,15.496385,15.75076,0.0,0.0,0.0,0.0,0.0,0.0,0.562665,0.0,3.452135,6.675874,7.208659,7.267857,66.666667,33.333333
p3-sub-peak-8,ecf,ecf,priority,2,11,11,11,66,66,1.386,3.49961,3.36983,9.41158,16.82534,16.950697,16.964626,0.0,0.0,0.0,0.0,0.0,0.0,2.307863,1.259864,8.421246,11.106786,11.219607,11.232143,34.039029,65.960971
p3-sub-peak-8,ecf,ecf,priority,3,13,13,5,48,30,451.44,3.638104,3.486456,10.06709,17.175164,18.336239,18.465247,335.937503,212.250287,733.212526,2193.985253,2522.659117,2559.178435,2.154119,0.558301,11.552176,14.385387,14.685885,14.719274,22.4344,77.5656
p3-sub-peak-8,roundrobin,roundrobin,overall,overall,30,30,22,161,132,728.042,11.001748,10.98581,18.23581,19.717953,19.718641,19.718745,1106.763434,1109.472885,1989.738798,2019.005354,2021.900335,2022.221999,4.715201,1.25,12.497549,13.43875,13.736507,13.767625,43.900879,56.099121
p3-sub-peak-8,roundrobin,roundrobin,priority,1,6,6,6,36,36,0.216,3.749287,3.369854,3.468185,12.417141,16.753943,17.23581,0.0,0.0,0.0,0.0,0.0,0.0,0.459099,0.000232,0.000232,9.775081,13.368371,13.767625,33.466667,66.533333
p3-sub-peak-8,roundrobin,roundrobin,priority,2,11,11,11,66,66,1.386,13.62649,15.98581,17.409917,18.754837,19.622354,19.718745,0.0,0.0,0.0,0.0,0.0,0.0,5.978237,6.517857,11.729553,12.729334,12.972933,13.0,36.215453,63.784547
p3-sub-peak-8,roundrobin,roundrobin,priority,3,13,13,5,59,30,726.44,13.930269,17.101882,19.716735,19.717953,19.717953,19.717953,1106.763434,1109.472885,1989.738798,2019.005354,2021.900335,2022.221999,7.043844,10.195153,12.701407,13.305779,13.464507,13.482143,43.916113,56.083887
p3-sub-peak-8,wifi-only,default,overall,overall,30,30,22,179,132,1178.042,6.509726,6.58891,12.559944,17.821345,38.97959,42.156727,322.958708,306.760109,528.050144,546.371385,550.211643,550.638338,2.850979,2.151813,8.699446,11.871068,24.274318,25.783911,0.0,100.0
p3-sub-peak-8,wifi-only,default,priority,1,6,6,6,36,36,0.216,2.397834,1.595098,6.561275,10.582673,12.358622,12.55595,0.0,0.0,0.0,0.0,0.0,0.0,2.356736,1.291809,8.341301,11.368498,11.87784,11.934433,0.0,100.0
p3-sub-peak-8,wifi-only,default,priority,2,11,11,11,66,66,1.386,8.208814,7.142141,12.579899,25.397185,40.480773,42.156727,0.0,0.0,0.0,0.0,0.0,0.0,3.149978,2.386537,8.159223,17.925,24.99802,25.783911,0.0,100.0
p3-sub-peak-8,wifi-only,default,priority,3,13,13,5,77,30,1176.44,7.706006,7.069717,15.061663,17.826663,17.896059,17.90377,322.958708,306.760109,528.050144,546.371385,550.211643,550.638338,2.786275,2.239536,7.026977,9.796164,10.553706,10.637877,0.0,100.0
p3-sub-peak-8,nr-only,default,overall,overall,30,30,22,140,132,203.042,15.837199,17.000568,25.967473,26.98533,28.07158,28.23533,2983.165632,3108.777558,3248.056295,3269.407676,3274.211736,3274.745521,1.225191,0.0,8.730658,12.392417,14.935698,15.236185,100.0,0.0
p3-sub-peak-8,nr-only,default,priority,1,6,6,6,36,36,0.216,16.663763,17.000568,17.232711,17.232711,17.232711,17.232711,0.0,0.0,0.0,0.0,0.0,0.0,0.37619,0.0,1.267857,1.267857,1.267857,1.267857,100.0,0.0
p3-sub-peak-8,nr-only,default,priority,2,11,11,11,66,66,1.386,10.926427,7.236869,19.735384,22.835384,23.420384,23.485384,0.0,0.0,0.0,0.0,0.0,0.0,1.617265,0.0,9.576899,13.747535,15.08732,15.236185,100.0,0.0
p3-sub-peak-8,nr-only,default,priority,3,13,13,5,38,30,201.44,25.64902,25.73533,26.98533,27.87283,28.19908,28.23533,2983.165632,3108.777558,3248.056295,3269.407676,3274.211736,3274.745521,1.381429,1.25,3.264286,3.517857,3.517857,3.517857,100.0,0.0
