link,clients,load,offered_total,gross_mbps,net_mbps,delay_ms,loss_pct,active_flows,min_flow,max_flow,eff,spread,rc,wall
nr,1,100.0,100.0,99.94173913043478,98.514,2.219,0.0,1,98.514,98.514,0.9994173913043478,1.0,0,2.4518203439947683
nr,1,200.0,200.0,199.9240579710145,197.068,2.46,0.0,1,197.068,197.068,0.9996202898550725,1.0,0,3.692083998997987
nr,1,300.0,300.0,299.8891304347826,295.605,2.477,0.0,1,295.605,295.605,0.9996304347826087,1.0,0,5.086620161004248
nr,1,400.0,400.0,394.8202898550725,389.18,41.512,0.0,1,389.18,389.18,0.9870507246376812,1.0,0,7.094477328006178
nr,1,500.0,500.0,394.82434782608703,389.184,633.694,0.0,1,389.184,389.184,0.7896486956521741,1.0,0,36.281006062003144
nr,1,600.0,600.0,394.82434782608703,389.184,1028.485,0.0,1,389.184,389.184,0.6580405797101451,1.0,0,75.58839735600486
nr,4,50.0,200.0,199.4127536231884,196.564,2.389,0.0,4,49.018,49.266,0.997063768115942,1.005059365947203,0,8.83465165400412
nr,4,75.0,300.0,299.1242028985507,294.851,2.489,0.0,4,73.525,73.898,0.9970806763285024,1.005073104386263,0,11.304336834000424
nr,4,100.0,400.0,396.87565217391307,391.206,17.727,0.0,4,97.634,98.037,0.9921891304347826,1.0041276604461562,0,12.862211809006112
nr,4,125.0,500.0,397.1515942028986,391.478,609.047,0.0,4,97.128,99.566,0.7943031884057972,1.025100897784367,0,23.191212959995028
nr,4,150.0,600.0,397.30478260869563,391.629,1004.342,0.0,4,97.112,99.566,0.6621746376811594,1.025269791580855,0,40.84198485100205
nr,4,200.0,800.0,397.5086956521739,391.83,1498.748,0.0,4,97.108,99.566,0.4968858695652174,1.0253120237261606,0,82.30256169800123
nr,8,25.0,200.0,198.72695652173914,195.888,2.519,0.0,8,24.34,24.63,0.9936347826086958,1.0119145439605588,0,20.39915880800254
nr,8,40.0,320.0,317.9846376811594,313.442,2.582,0.0,8,38.949,39.409,0.9937019927536233,1.0118103160543275,0,25.121682775999943
nr,8,50.0,400.0,393.1960869565217,387.579,34.337,0.0,8,47.277,49.264,0.9829902173913042,1.0420288935423145,0,24.76089310300449
nr,8,60.0,480.0,393.6465217391305,388.023,518.576,0.0,8,46.469,49.827,0.8200969202898551,1.0722632292496073,0,32.33558054300374
nr,8,75.0,600.0,394.07565217391306,388.446,1005.658,0.0,8,46.469,49.973,0.6567927536231885,1.0754051087821987,0,47.1798955780032
nr,8,100.0,800.0,394.50173913043477,388.866,1493.911,0.0,8,46.469,50.149,0.49312717391304345,1.0791925799995696,0,79.35809911199613
nr,15,15.0,225.0,222.2357971014493,219.061,2.77,0.0,15,14.433,14.777,0.9877146537842191,1.023834268689808,0,54.74702054000227
nr,15,20.0,300.0,296.3444927536232,292.111,2.693,0.0,15,19.245,19.705,0.9878149758454106,1.0239023122889062,0,65.91585081599624
nr,15,25.0,375.0,370.44,365.148,2.796,0.0,15,24.056,24.63,0.9878399999999999,1.023860991020951,0,71.59755772000062
nr,15,30.0,450.0,386.3928985507246,380.873,383.484,0.0,15,23.432,26.084,0.858650885668277,1.113178559235234,0,59.538330510004016
nr,15,35.0,525.0,386.9995652173913,381.471,743.773,0.0,15,23.442,26.146,0.7371420289855073,1.1153485197508746,0,67.52328513599787
nr,15,40.0,600.0,387.45304347826084,381.918,1014.668,0.0,15,23.438,26.198,0.6457550724637681,1.1177574878402594,0,75.25204145799944
nr,15,50.0,750.0,388.0982608695652,382.554,1395.075,0.0,15,23.438,26.272,0.517464347826087,1.1209147538185853,0,93.65742617000069
nr,30,5.0,150.0,146.23608695652172,144.147,4.236,0.0,30,4.686,4.924,0.9749072463768115,1.0507895860008536,0,153.52073293500143
nr,30,8.0,240.0,234.02217391304347,230.679,3.362,0.0,30,7.498,7.881,0.9750923913043478,1.0510802880768204,0,197.07507635699585
nr,30,10.0,300.0,292.5573913043478,288.378,3.117,0.0,30,9.375,9.851,0.975191304347826,1.0507733333333333,0,313.66959328400117
nr,30,12.0,360.0,351.08449275362324,346.069,3.17,0.0,30,11.25,11.822,0.9752347020933979,1.0508444444444445,0,261.4402762719983
nr,30,15.0,450.0,371.7040579710145,366.394,422.59,0.0,30,10.727,13.934,0.8260090177133655,1.2989652279295236,0,214.60788343299646
nr,30,20.0,600.0,373.73811594202897,368.399,1020.647,0.0,30,10.727,14.102,0.6228968599033816,1.3146266430502471,0,218.054285102
wifi,1,200.0,200.0,199.752,196.898,0.197,0.119,1,199.752,199.752,0.9987600000000001,1.0,0,9.957173861999763
wifi,1,400.0,400.0,399.506,393.799,0.221,0.121,1,399.506,399.506,0.9987649999999999,1.0,0,10.290021763001278
wifi,1,600.0,600.0,599.226,590.666,0.256,0.121,1,599.226,599.226,0.99871,1.0,0,10.6109655629989
wifi,1,800.0,800.0,798.982,787.568,0.297,0.121,1,798.982,798.982,0.9987275,1.0,0,10.83843593599886
wifi,1,1000.0,1000.0,998.723,984.455,0.351,0.121,1,998.723,998.723,0.9987229999999999,1.0,0,11.406604303003405
wifi,1,1200.0,1200.0,1198.516,1181.394,0.426,0.121,1,1198.516,1198.516,0.9987633333333334,1.0,0,11.730936555999506
wifi,1,1500.0,1500.0,1497.957,1476.558,0.613,0.122,1,1497.957,1497.957,0.998638,1.0,0,12.13136635900446
wifi,1,1800.0,1800.0,1797.587,1771.907,1.033,0.122,1,1797.587,1797.587,0.9986594444444444,1.0,0,12.650484989004326
wifi,1,2000.0,2000.0,1923.578,1896.098,52.675,2.837,1,1923.578,1923.578,0.961789,1.0,0,14.883540597002138
wifi,1,2500.0,2500.0,1923.189,1895.715,59.818,22.281,1,1923.189,1923.189,0.7692756000000001,1.0,0,15.795650551001017
wifi,1,3000.0,3000.0,1923.682,1896.201,60.372,35.225,1,1923.682,1923.682,0.6412273333333334,1.0,0,17.351063816000533
wifi,1,3500.0,3500.0,1923.716,1896.234,60.614,44.468,1,1923.716,1923.716,0.5496331428571428,1.0,0,18.08699970699672
wifi,1,4000.0,4000.0,1923.716,1896.234,60.755,51.41,1,1923.716,1923.716,0.480929,1.0,0,18.510515997004404
wifi,4,100.0,400.0,398.998,393.298,2.736,0.155,4,99.645,99.814,0.997495,1.001696020874103,0,26.962823157999082
wifi,4,150.0,600.0,598.429,589.88,3.194,0.138,4,149.455,149.785,0.9973816666666666,1.0022080224816834,0,24.94812429600279
wifi,4,200.0,800.0,797.391,786.0,7.929,0.151,4,198.806,199.554,0.99673875,1.0037624618975283,0,23.598140900001454
wifi,4,250.0,1000.0,997.233,982.987,6.486,0.161,4,248.685,249.607,0.9972329999999999,1.0037075014576673,0,23.114753982001275
wifi,4,300.0,1200.0,1195.046,1177.974,9.705,0.13,4,298.131,299.346,0.9958716666666667,1.0040753896776922,0,21.885212672998023
wifi,4,400.0,1600.0,1523.045,1501.287,94.151,1.742,4,352.02,391.401,0.9519031250000001,1.1118714845747402,0,25.935007583000697
wifi,4,450.0,1800.0,1487.47,1466.221,243.838,13.55,4,328.151,400.001,0.8263722222222223,1.2189540790672586,0,29.456214611003816
wifi,4,500.0,2000.0,1529.588,1507.736,255.675,19.308,4,321.757,445.865,0.764794,1.3857196580027784,0,30.12367701200128
wifi,4,600.0,2400.0,1553.802,1531.605,269.297,31.289,4,336.978,425.445,0.6474175,1.2625304916047932,0,31.258839729998726
wifi,8,50.0,400.0,397.262,391.587,12.023,0.344,8,49.144,49.872,0.993155,1.0148136089858375,0,47.27879670100083
wifi,8,75.0,600.0,596.415,587.895,19.12,0.178,8,74.025,74.788,0.9940249999999999,1.010307328605201,0,43.87135394800134
wifi,8,100.0,800.0,792.491,781.17,29.685,0.157,8,97.089,99.706,0.99061375,1.0269546498573474,0,40.376137070998084
wifi,8,125.0,1000.0,990.323,976.175,40.827,0.208,8,120.958,124.723,0.990323,1.0311265067213413,0,42.77523239600123
wifi,8,150.0,1200.0,1169.353,1152.648,99.311,0.727,8,140.635,149.462,0.9744608333333334,1.0627653144665268,0,42.397644796998065
wifi,8,200.0,1600.0,1288.485,1270.078,404.497,9.886,8,142.8,186.025,0.8053031249999999,1.3026960784313726,0,55.85261526999966
wifi,8,225.0,1800.0,1278.155,1259.896,512.897,20.008,8,127.029,189.997,0.7100861111111111,1.4956978327783421,0,55.341089636000106
wifi,8,250.0,2000.0,1297.429,1278.894,564.142,26.745,8,130.458,195.993,0.6487145000000001,1.5023455824863174,0,57.60390941600053
wifi,8,300.0,2400.0,1278.394,1260.131,613.973,38.854,8,108.959,192.795,0.5326641666666667,1.7694270321864185,0,58.90266133499972
wifi,15,25.0,375.0,367.573,362.322,51.106,0.866,15,23.74,24.918,0.9801946666666667,1.049620893007582,0,83.58926422200602
wifi,15,40.0,600.0,573.378,565.187,78.241,2.17,15,35.202,39.807,0.9556300000000001,1.130816430884609,0,76.68650550999882
wifi,15,60.0,900.0,834.876,822.949,173.816,3.413,15,51.208,59.479,0.92764,1.1615177316044367,0,84.6191231529956
wifi,15,80.0,1200.0,985.21,971.135,447.91,5.536,15,38.614,78.534,0.8210083333333333,2.0338219298699958,0,98.08559811699524
wifi,15,100.0,1500.0,1020.705,1006.123,748.793,12.564,15,40.307,86.309,0.68047,2.1412905946857865,0,102.86229565300164
wifi,15,120.0,1800.0,1037.837,1023.011,966.346,20.42,15,42.685,94.625,0.5765761111111111,2.2168208972707037,0,106.94254980400001
wifi,15,140.0,2100.0,1010.15,995.72,1100.268,32.447,15,29.547,88.101,0.4810238095238095,2.9817240328967407,0,109.99956341600046
wifi,15,160.0,2400.0,1047.066,1032.108,1137.649,40.34,15,51.636,89.802,0.43627750000000004,1.7391354868696258,0,119.11711243199534
wifi,15,200.0,3000.0,1011.091,996.647,1262.714,52.36,15,41.662,85.521,0.3370303333333333,2.0527339061974943,0,117.62482864599588
wifi,30,10.0,300.0,270.0,266.143,119.438,7.375,30,8.182,9.821,0.9,1.2003177707162063,0,167.94372336300148
wifi,30,20.0,600.0,498.908,491.78,184.003,13.298,30,13.248,18.243,0.8315133333333333,1.3770380434782608,0,180.84236725299706
wifi,30,30.0,900.0,636.205,627.116,472.115,16.624,30,14.536,26.561,0.7068944444444445,1.8272564667033573,0,193.39438852499734
wifi,30,40.0,1200.0,688.565,678.728,868.65,18.569,30,14.502,36.34,0.5738041666666667,2.505861260515791,0,200.74433071300155
wifi,30,50.0,1500.0,664.828,655.331,1133.539,19.52,28,6.352,38.351,0.44321866666666665,6.0376259445843825,0,208.63975301299797
wifi,30,60.0,1800.0,693.549,683.641,1215.695,26.209,30,12.38,37.384,0.385305,3.019709208400646,0,216.44869352700334
wifi,30,70.0,2100.0,717.358,707.11,1455.187,22.721,30,11.568,43.058,0.3415990476190476,3.72216459197787,0,229.84719726199546
wifi,30,80.0,2400.0,712.229,702.054,1551.511,30.381,30,12.193,34.444,0.29676208333333337,2.8248995325186583,0,231.54990589600493
wifi,30,100.0,3000.0,739.0,728.443,1638.269,36.438,30,14.377,41.879,0.24633333333333332,2.912916463796341,0,237.57520197900158
